<?xml version="1.0" encoding="UTF-8" ?>
<!DOCTYPE mapper PUBLIC "-//mybatis.org//DTD Mapper 3.0//EN" "http://mybatis.org/dtd/mybatis-3-mapper.dtd" >
<mapper namespace="com.fc.v2.mapper.auto.TsysUserMapper" >
  <resultMap id="BaseResultMap" type="com.fc.v2.model.auto.TsysUser" >
    <constructor >
      <idArg column="id" jdbcType="VARCHAR" javaType="java.lang.String" />
      <arg column="username" jdbcType="VARCHAR" javaType="java.lang.String" />
      <arg column="password" jdbcType="VARCHAR" javaType="java.lang.String" />
      <arg column="nickname" jdbcType="VARCHAR" javaType="java.lang.String" />
      <arg column="dep_id" jdbcType="INTEGER" javaType="java.lang.Integer" />
      <arg column="pos_id" jdbcType="VARCHAR" javaType="java.lang.String" />
    </constructor>
  </resultMap>
  
  <resultMap id="BaseResultMapOther" type="com.fc.v2.model.auto.TsysUser">
    <id column="id" jdbcType="VARCHAR" property="id" />
    <result column="username" jdbcType="VARCHAR" property="username" />
    <result column="password" jdbcType="VARCHAR" property="password" />
    <result column="nickname" jdbcType="VARCHAR" property="nickname" />
    <result column="dep_id" jdbcType="INTEGER" property="depId" />
    <result column="pos_id" jdbcType="VARCHAR" property="posId" />
    <result column="dep_name" jdbcType="INTEGER" property="depName" />
    <result column="pos_name" jdbcType="VARCHAR" property="posName" />
  </resultMap>
  

  
  <sql id="Example_Where_Clause" >
    <where >
      <foreach collection="oredCriteria" item="criteria" separator="or" >
        <if test="criteria.valid" >
          <trim prefix="(" suffix=")" prefixOverrides="and" >
            <foreach collection="criteria.criteria" item="criterion" >
              <choose >
                <when test="criterion.noValue" >
                  and ${criterion.condition}
                </when>
                <when test="criterion.singleValue" >
                  and ${criterion.condition} #{criterion.value}
                </when>
                <when test="criterion.betweenValue" >
                  and ${criterion.condition} #{criterion.value} and #{criterion.secondValue}
                </when>
                <when test="criterion.listValue" >
                  and ${criterion.condition}
                  <foreach collection="criterion.value" item="listItem" open="(" close=")" separator="," >
                    #{listItem}
                  </foreach>
                </when>
              </choose>
            </foreach>
          </trim>
        </if>
      </foreach>
    </where>
  </sql>
  <sql id="Update_By_Example_Where_Clause" >
    <where >
      <foreach collection="example.oredCriteria" item="criteria" separator="or" >
        <if test="criteria.valid" >
          <trim prefix="(" suffix=")" prefixOverrides="and" >
            <foreach collection="criteria.criteria" item="criterion" >
              <choose >
                <when test="criterion.noValue" >
                  and ${criterion.condition}
                </when>
                <when test="criterion.singleValue" >
                  and ${criterion.condition} #{criterion.value}
                </when>
                <when test="criterion.betweenValue" >
                  and ${criterion.condition} #{criterion.value} and #{criterion.secondValue}
                </when>
                <when test="criterion.listValue" >
                  and ${criterion.condition}
                  <foreach collection="criterion.value" item="listItem" open="(" close=")" separator="," >
                    #{listItem}
                  </foreach>
                </when>
              </choose>
            </foreach>
          </trim>
        </if>
      </foreach>
    </where>
  </sql>
  <sql id="Base_Column_List" >
    id, username, password, nickname, dep_id, pos_id
  </sql>
  <select id="selectByExample" resultMap="BaseResultMap" parameterType="com.fc.v2.model.auto.TsysUserExample" >
    select
    <if test="distinct" >
      distinct
    </if>
    <include refid="Base_Column_List" />
    from t_sys_user
    <if test="_parameter != null" >
      <include refid="Example_Where_Clause" />
    </if>
    <if test="orderByClause != null" >
      order by ${orderByClause}
    </if>
  </select>
  <select id="selectByPrimaryKey" resultMap="BaseResultMapOther" parameterType="java.lang.String" >
    select 
    <include refid="Base_Column_List" />
    ,(select dept_name from t_sys_department dep where dep.id=tsu.dep_id) as dep_name,
	(select post_name from t_sys_position pos where pos.id=tsu.pos_id) as pos_name
    from t_sys_user tsu
    where id = #{id,jdbcType=VARCHAR}
  </select>
  <delete id="deleteByPrimaryKey" parameterType="java.lang.String" >
    delete from t_sys_user
    where id = #{id,jdbcType=VARCHAR}
  </delete>
  <delete id="deleteByExample" parameterType="com.fc.v2.model.auto.TsysUserExample" >
    delete from t_sys_user
    <if test="_parameter != null" >
      <include refid="Example_Where_Clause" />
    </if>
  </delete>
  <insert id="insert" parameterType="com.fc.v2.model.auto.TsysUser" >
    insert into t_sys_user (id, username, password, 
      nickname, dep_id, pos_id
      )
    values (#{id,jdbcType=VARCHAR}, #{username,jdbcType=VARCHAR}, #{password,jdbcType=VARCHAR}, 
      #{nickname,jdbcType=VARCHAR}, #{depId,jdbcType=INTEGER}, #{posId,jdbcType=VARCHAR}
      )
  </insert>
  <insert id="insertSelective" parameterType="com.fc.v2.model.auto.TsysUser" >
    insert into t_sys_user
    <trim prefix="(" suffix=")" suffixOverrides="," >
      <if test="id != null" >
        id,
      </if>
      <if test="username != null" >
        username,
      </if>
      <if test="password != null" >
        password,
      </if>
      <if test="nickname != null" >
        nickname,
      </if>
      <if test="depId != null" >
        dep_id,
      </if>
      <if test="posId != null" >
        pos_id,
      </if>
    </trim>
    <trim prefix="values (" suffix=")" suffixOverrides="," >
      <if test="id != null" >
        #{id,jdbcType=VARCHAR},
      </if>
      <if test="username != null" >
        #{username,jdbcType=VARCHAR},
      </if>
      <if test="password != null" >
        #{password,jdbcType=VARCHAR},
      </if>
      <if test="nickname != null" >
        #{nickname,jdbcType=VARCHAR},
      </if>
      <if test="depId != null" >
        #{depId,jdbcType=INTEGER},
      </if>
      <if test="posId != null" >
        #{posId,jdbcType=VARCHAR},
      </if>
    </trim>
  </insert>
  <select id="countByExample" parameterType="com.fc.v2.model.auto.TsysUserExample" resultType="java.lang.Integer" >
    select count(*) from t_sys_user
    <if test="_parameter != null" >
      <include refid="Example_Where_Clause" />
    </if>
  </select>
  <update id="updateByExampleSelective" parameterType="map" >
    update t_sys_user
    <set >
      <if test="record.id != null" >
        id = #{record.id,jdbcType=VARCHAR},
      </if>
      <if test="record.username != null" >
        username = #{record.username,jdbcType=VARCHAR},
      </if>
      <if test="record.password != null" >
        password = #{record.password,jdbcType=VARCHAR},
      </if>
      <if test="record.nickname != null" >
        nickname = #{record.nickname,jdbcType=VARCHAR},
      </if>
      <if test="record.depId != null" >
        dep_id = #{record.depId,jdbcType=INTEGER},
      </if>
      <if test="record.posId != null" >
        pos_id = #{record.posId,jdbcType=VARCHAR},
      </if>
    </set>
    <if test="_parameter != null" >
      <include refid="Update_By_Example_Where_Clause" />
    </if>
  </update>
  <update id="updateByExample" parameterType="map" >
    update t_sys_user
    set id = #{record.id,jdbcType=VARCHAR},
      username = #{record.username,jdbcType=VARCHAR},
      password = #{record.password,jdbcType=VARCHAR},
      nickname = #{record.nickname,jdbcType=VARCHAR},
      dep_id = #{record.depId,jdbcType=INTEGER},
      pos_id = #{record.posId,jdbcType=VARCHAR}
    <if test="_parameter != null" >
      <include refid="Update_By_Example_Where_Clause" />
    </if>
  </update>
  <update id="updateByPrimaryKeySelective" parameterType="com.fc.v2.model.auto.TsysUser" >
    update t_sys_user
    <set >
      <if test="username != null" >
        username = #{username,jdbcType=VARCHAR},
      </if>
      <if test="password != null" >
        password = #{password,jdbcType=VARCHAR},
      </if>
      <if test="nickname != null" >
        nickname = #{nickname,jdbcType=VARCHAR},
      </if>
      <if test="depId != null" >
        dep_id = #{depId,jdbcType=INTEGER},
      </if>
      <if test="posId != null" >
        pos_id = #{posId,jdbcType=VARCHAR},
      </if>
    </set>
    where id = #{id,jdbcType=VARCHAR}
  </update>
  <update id="updateByPrimaryKey" parameterType="com.fc.v2.model.auto.TsysUser" >
    update t_sys_user
    set username = #{username,jdbcType=VARCHAR},
      password = #{password,jdbcType=VARCHAR},
      nickname = #{nickname,jdbcType=VARCHAR},
      dep_id = #{depId,jdbcType=INTEGER},
      pos_id = #{posId,jdbcType=VARCHAR}
    where id = #{id,jdbcType=VARCHAR}
  </update>
</mapper>